location,year,AGDD_Mar_13,DOY_Mar_13,AGDD_Mar_12,DOY_Mar_12,AGDD_Mar_11,DOY_Mar_11,AGDD_Mar_10,DOY_Mar_10
washingtondc,2022,322.3758629,72,318.5582629,71,314.7406629,70,310.9230629,69
kyoto,2022,837.736174,72,827.274774,71,818.072374,70,808.830974,69
liestal,2022,324.9874681,72,317.4549681,71,312.9549681,70,308.4549681,69
Vancouver,2022,420.776887,72,,,,,,
washingtondc,2011,397.1478,,,,,,,
kyoto,2011,,,,,,,,
liestal,2011,,,,,,,,
Vancouver,2011,,,,,,,,
